{
  "Total" : {
    "transaction" : "Total",
    "sampleCount" : 31188,
    "errorCount" : 31168,
    "errorPct" : 99.935875,
    "meanResTime" : 1014.0961587790156,
    "medianResTime" : 841.0,
    "minResTime" : 20.0,
    "maxResTime" : 54145.0,
    "pct1ResTime" : 1423.0,
    "pct2ResTime" : 1643.0,
    "pct3ResTime" : 25374.7500000002,
    "throughput" : 258.9247168996779,
    "receivedKBytesPerSec" : 459.02273150041094,
    "sentKBytesPerSec" : 31.583493191271213
  },
  "峰值支付" : {
    "transaction" : "峰值支付",
    "sampleCount" : 31188,
    "errorCount" : 31168,
    "errorPct" : 99.935875,
    "meanResTime" : 1014.0961587790156,
    "medianResTime" : 841.0,
    "minResTime" : 20.0,
    "maxResTime" : 54145.0,
    "pct1ResTime" : 1423.0,
    "pct2ResTime" : 1643.0,
    "pct3ResTime" : 25374.7500000002,
    "throughput" : 258.9247168996779,
    "receivedKBytesPerSec" : 459.02273150041094,
    "sentKBytesPerSec" : 31.583493191271213
  }
}